{"а":0.07998,"б":0.01592,"в":0.04533,"г":0.01687,"д":0.029769999999999998,"е":0.08483,"ё":0.00013,"ж":0.009399999999999999,"з":0.01641,"и":0.07367,"й":0.01208,"к":0.03486,"л":0.043429999999999996,"м":0.032029999999999996,"н":0.067,"о":0.10983000000000001,"п":0.02804,"р":0.04746,"с":0.05473,"т":0.06318,"у":0.026150000000000003,"ф":0.00267,"х":0.00966,"ц":0.00486,"ч":0.014499999999999999,"ш":0.00718,"щ":0.00362,"ъ":0.00037999999999999997,"ы":0.01898,"ь":0.01735,"э":0.00331,"ю":0.00638,"я":0.02001}